id,event_date
451,2019-09-11 13:35:00
452,2019-02-13 14:17:00
453,2019-11-20 13:45:00
454,2020-02-19 14:01:00
455,2019-10-23 13:45:00
456,2019-07-10 13:41:00
457,2019-10-30 13:40:00
458,2019-04-10 13:29:00
459,2019-02-27 14:29:00
460,2019-06-06 13:42:00
461,2019-03-25 14:32:00
462,2019-10-09 13:44:00
463,2019-05-08 13:33:00
464,2019-07-17 13:42:00
465,2019-04-24 13:54:00
466,2019-12-18 13:48:00
467,2020-01-08 13:57:00
468,2020-01-22 13:55:00
469,2019-06-19 13:39:00
470,2019-07-02 13:41:00
471,2019-07-30 13:31:00
472,2019-12-05 13:32:00
473,2019-05-22 13:42:00
474,2019-08-28 13:39:00
475,2019-03-13 14:37:00
476,2019-01-23 14:34:00
477,2019-09-25 13:41:00
478,2019-11-06 13:41:00
479,2019-08-13 13:48:00
480,2020-02-05 13:58:00
481,2019-01-09 14:51:00
482,2019-06-05 13:40:00
483,2020-03-25 14:00:00
484,2020-04-08 13:57:00
485,2020-03-11 13:58:00
486,2020-05-06 13:59:00
487,2020-04-22 13:58:00
